package,ecosystem,score,riskLevel,maintainers,lastCommitDate,hasMalwareHistory,isArchived,diagnosedAt
"lodash","npm","75","MEDIUM","mathias;jdalton;bnjmnt4n","2026-02-06T14:13:37Z","no","no","2026-02-19T12:29:24.486Z"
"express","npm","100","LOW","wesleytodd;jonchurch;ctcpip;ulisesgascon;sheplu","2026-02-14T17:25:36Z","no","no","2026-02-19T12:29:26.351Z"
"axios","npm","90","LOW","mzabriskie;nickuraltsev;emilyemorehouse;jasonsaayman","2026-02-19T01:32:11Z","no","no","2026-02-19T12:29:28.412Z"
"react","npm","90","LOW","fb;react-bot","2026-02-18T18:53:49Z","no","no","2026-02-19T12:29:30.566Z"
"vue","npm","100","LOW","yyx990803;posva","2026-02-18T15:36:14Z","no","no","2026-02-19T12:29:32.489Z"
"typescript","npm","89","LOW","microsoft1es;typescript-bot;weswigham;andrewbranch;typescript-deploys;jakebailey","2026-02-18T23:02:45Z","no","no","2026-02-19T12:29:35.422Z"
"webpack","npm","85","LOW","15000621931;ev1stensberg;__hai;sokra;evilebottnawi;jhnns;thelarkinn","2026-02-19T10:50:12Z","no","no","2026-02-19T12:29:37.468Z"
"eslint","npm","100","LOW","openjsfoundation;eslintbot","2026-02-19T09:55:14Z","no","no","2026-02-19T12:29:39.259Z"
"jest","npm","100","LOW","aaronabramov;simenb;rickhanlonii;openjs-operations;cpojer","2026-02-05T23:55:43Z","no","no","2026-02-19T12:29:40.991Z"
"mocha","npm","100","LOW","voxpelli;joshuakgoldberg;mark-wiemer","2026-02-19T02:10:57Z","no","no","2026-02-19T12:29:43.107Z"
"chalk","npm","97","LOW","sindresorhus","2026-01-27T06:30:36Z","no","no","2026-02-19T12:33:00.365Z"
"commander","npm","100","LOW","shadowspawn;abetomo","2026-02-19T05:07:09Z","no","no","2026-02-19T12:33:02.178Z"
"rimraf","npm","97","LOW","isaacs","2026-02-16T01:01:56Z","no","no","2026-02-19T12:33:03.935Z"
"glob","npm","87","LOW","isaacs","2026-02-18T22:12:33Z","no","no","2026-02-19T12:33:06.005Z"
"semver","npm","90","LOW","gar;saquibkhan;npm-cli-ops;reggi;hashtagchris;owlstronaut","2026-02-05T17:22:32Z","no","no","2026-02-19T12:33:07.839Z"
"debug","npm","90","LOW","qix;tootallnate","2026-01-29T16:27:54Z","no","no","2026-02-19T12:33:09.805Z"
"uuid","npm","100","LOW","broofa;ctavan","2025-10-27T17:21:18Z","no","no","2026-02-19T12:33:12.049Z"
"moment","npm","85","LOW","ichernev;timrwood;mj1856;maggiepint;marwahaha","2024-08-14T17:12:19Z","no","no","2026-02-19T12:33:14.020Z"
"date-fns","npm","97","LOW","kossnocorp","2025-09-08T08:25:16Z","no","no","2026-02-19T12:33:17.296Z"
"dayjs","npm","97","LOW","iamkun","2026-02-17T14:05:10Z","no","no","2026-02-19T12:33:19.030Z"
"next","npm","87","LOW","vercel-release-bot;zeit-bot","2026-02-19T12:41:55Z","no","no","2026-02-19T12:55:42.007Z"
"nuxt","npm","72","MEDIUM","nuxtbot","2026-02-18T19:42:55Z","no","no","2026-02-19T12:55:44.159Z"
"gatsby","npm","100","LOW","pieh;kathmbeck;serhalp-netlify;mlgualtieri-gatsby;fk;tylerbarnes;daniellewgatsby","2026-02-18T22:25:44Z","no","no","2026-02-19T12:55:46.689Z"
"svelte","npm","90","LOW","rich_harris;conduitry;svelte-admin","2026-02-19T09:06:24Z","no","no","2026-02-19T12:55:48.913Z"
"angular","npm","46","HIGH","angular","2024-04-12T17:43:16Z","no","no","2026-02-19T12:55:51.640Z"
"ember-cli","npm","100","LOW","real_ate;katiegengler","2026-02-17T21:54:11Z","no","no","2026-02-19T12:55:53.925Z"
"backbone","npm","100","LOW","jashkenas;braddunbar;jridgewell;jgonggrijp","2025-04-01T11:14:31Z","no","no","2026-02-19T12:55:55.767Z"
"underscore","npm","85","LOW","jashkenas;jgonggrijp","2026-02-19T11:43:23Z","no","no","2026-02-19T12:55:57.970Z"
"jquery","npm","90","LOW","gibson042;dmethvin;timmywil;mgol;openjsfoundation","2026-02-14T22:05:11Z","no","no","2026-02-19T12:56:00.520Z"
"bootstrap","npm","89","LOW","bootstrap-admin;mdo;xhmikosr","2026-02-17T10:06:54Z","no","no","2026-02-19T12:56:02.699Z"
"tailwindcss","npm","100","LOW","malfaitrobin;adamwathan;reinink","2026-02-18T14:45:45Z","no","no","2026-02-19T12:56:04.761Z"
"postcss","npm","97","LOW","ai","2026-02-18T15:05:25Z","no","no","2026-02-19T12:56:06.783Z"
"sass","npm","100","LOW","nex3;hcatlin","2026-02-18T01:17:01Z","no","no","2026-02-19T12:56:08.568Z"
"less","npm","100","LOW","matthew-dean;cloudhead;meri;seven-phases-max;lukeapage","2026-01-11T21:34:27Z","no","no","2026-02-19T12:56:10.245Z"
"stylus","npm","100","LOW","panya;kizu;xdan;tjholowaychuk;ichenlei","2025-04-24T08:55:36Z","no","no","2026-02-19T12:56:11.973Z"
"babel-core","npm","100","LOW","hzoo;loganfsmyth;existentialism","2026-02-17T12:59:34Z","no","no","2026-02-19T12:56:13.779Z"
"@babel/core","npm","100","LOW","hzoo;existentialism;nicolo-ribaudo;jlhwung","2026-02-17T12:59:34Z","no","no","2026-02-19T12:56:15.863Z"
"esbuild","npm","97","LOW","esbuild","2026-02-05T22:03:53Z","no","no","2026-02-19T12:56:17.781Z"
"rollup","npm","90","LOW","eventualbuddha;trysound;rich_harris;victorystick;lukastaegert","2026-02-19T11:27:39Z","no","no","2026-02-19T12:56:20.265Z"
"parcel","npm","97","LOW","devongovett","2026-02-17T16:45:09Z","no","no","2026-02-19T12:56:22.895Z"
"vite","npm","90","LOW","yyx990803;patak;antfu;vitebot","2026-02-19T07:23:17Z","no","no","2026-02-19T13:00:19.712Z"
"astro","npm","85","LOW","fredkschott;matthewp","2026-02-19T11:59:29Z","no","no","2026-02-19T13:00:22.242Z"
"remix","npm","86","LOW","mjackson","2026-02-19T02:37:15Z","no","no","2026-02-19T13:00:24.360Z"
"blitz","npm","74","MEDIUM","flybayer;siddhsuresh","2025-11-21T13:13:37Z","no","no","2026-02-19T13:00:26.763Z"
"redwood","npm","95","LOW","gregrperkins","","no","no","2026-02-19T13:00:28.379Z"
"feathers","npm","87","LOW","daffl","2026-02-19T03:57:09Z","no","no","2026-02-19T13:00:30.497Z"
"hapi","npm","80","LOW","devinivy;marsup;nargonath;nlf","2026-02-18T08:37:10Z","no","no","2026-02-19T13:00:33.826Z"
"koa","npm","85","LOW","niftylettuce;fengmk2;dead_horse;jongleberry;juliangruber;aaron;titanism;3imed-jaberi;ljharb;coderhaoxin;tjholowaychuk","2026-02-14T12:43:23Z","no","no","2026-02-19T13:00:35.699Z"
"fastify","npm","75","MEDIUM","jsumners;delvedor;matteo.collina;eomm;climba03003","2026-02-19T06:49:54Z","no","no","2026-02-19T13:00:38.062Z"
"nestjs","npm","95","LOW","quangv","","no","no","2026-02-19T13:00:40.009Z"
"prisma","npm","100","LOW","pirix-gh;prismabot","2026-02-19T10:50:54Z","no","no","2026-02-19T13:00:44.102Z"
"sequelize","npm","75","MEDIUM","janaameier;durango;mickhansen;sdepold;felixfbecker;sushantdhiman;eseliger;papb;wikirik","2026-02-17T17:04:56Z","no","no","2026-02-19T13:00:46.499Z"
"mongoose","npm","75","MEDIUM","aaron;rauchg;tjholowaychuk;vkarpov15","2026-02-19T01:01:34Z","no","no","2026-02-19T13:00:48.940Z"
"typeorm","npm","75","MEDIUM","michaelbromley;imnotjames;pleerock;alexmesser","2026-02-19T12:46:16Z","no","no","2026-02-19T13:00:51.706Z"
"knex","npm","75","MEDIUM","tgriesser;wubzz;elhigu;kibertoad;olivier.cavadenti","2026-02-18T03:23:11Z","no","no","2026-02-19T13:00:53.514Z"
"objection","npm","85","LOW","lehni;koskimas;elhigu;kibertoad","2025-10-02T17:01:53Z","no","no","2026-02-19T13:00:55.747Z"
"waterline","npm","85","LOW","particlebanana;sgress454;balderdashy;mikermcneil;eashaw","2022-12-11T08:47:16Z","no","no","2026-02-19T13:00:57.743Z"
"bookshelf","npm","95","LOW","adamcofer;devius;erisds;kirrg001;mrhwick;rhys-vdw;tgriesser","2024-08-10T14:12:20Z","no","no","2026-02-19T13:00:59.790Z"
"shelf","npm","95","LOW","siddharthkp","","no","no","2026-02-19T13:01:01.436Z"
"graphql","npm","100","LOW","benjie;leebyron;yaacovcr;i1g;mjmahone;enisdenjo","2026-02-18T20:14:31Z","no","no","2026-02-19T13:01:03.970Z"
"apollo-server","npm","77","MEDIUM","apollo-bot","2026-02-16T22:09:37Z","no","no","2026-02-19T13:02:27.786Z"
"urql","npm","100","LOW","sarmeyer;mariano-formidable;ryan.roemer;formidable-owner;formidablelabs;sarahformidable;ceceppa;keithluchtel;philpl;andyrichardson;jdecroock;parkerziegler;npm-urql;thekenwheeler","2026-02-03T03:53:33Z","no","no","2026-02-19T13:02:29.529Z"
"relay","npm","80","LOW","fb","2014-02-14T12:51:32Z","no","no","2026-02-19T13:02:30.723Z"
"strapi","npm","50","HIGH","pierreburgy;aurelsicoko;alexandrebodin;convly;nico-strapi;strapi.adzouz;baronvoninternet;marc-roig-strapi;jhoward1994;bassel17;cache-your-dreams","2026-02-19T10:46:32Z","no","no","2026-02-19T13:02:32.360Z"
"directus","npm","87","LOW","benhaynes;rijk","2026-02-19T12:06:22Z","no","no","2026-02-19T13:02:36.696Z"
"payload","npm","75","MEDIUM","jmikrut;payloadjs;elliotpayload","2026-02-19T07:30:15Z","no","no","2026-02-19T13:02:39.129Z"
"keystone","npm","90","LOW","dominikwilkowski;jedwatson;mxstbr;noviny","2026-02-17T17:22:38Z","no","no","2026-02-19T13:02:40.683Z"
"ghost","npm","92","LOW","zimoatghost;allouis;kernalghost;chrisraible;erisds;johnonolan;kevinansfield;cobbspur;aileencgn;jloh;minimaluminium;sam-lord;pauladamdavis;bobvaneck;joeegrigg;hadret;jonhickman;erik-ghost;sagzy;vershwal;mike182uk;lsinger;rblstr-ghost;evanhahn-ghost;weylandswart;ghost-slimer;tmciesco;jonatan-ghost;9larsons;kirrg001","2026-02-19T13:01:24Z","no","no","2026-02-19T13:02:44.026Z"
"electron","npm","92","LOW","electronhq;electron-nightly","2026-02-19T13:01:00Z","no","no","2026-02-19T13:02:47.380Z"
"tauri","npm","100","LOW","nothingismagick;lucasfernog;tauri-apps-ci-user","2026-02-18T20:58:54Z","no","no","2026-02-19T13:02:48.847Z"
"nw","npm","90","LOW","rogerwang;ayushmxn","2026-02-17T08:00:39Z","no","no","2026-02-19T13:02:50.631Z"
"ionic","npm","90","LOW","ionicjs;jcesarmobile","2026-01-22T11:38:49Z","no","no","2026-02-19T13:02:52.183Z"
"cordova","npm","100","LOW","brodybits;dpogue;cordovaowner;stevegill;purplecabbage;anis;filmaj;bowserj;shazron;surajpindoria;erisu;niklasmerz;janpio;normanbreau;pvpoyer;shepheb;bennmapes;agrieve;mmocny;kamrik;sgrebnov;kotikov.vladimir;cmarcelk;bhiggins;brianleroux;mwbrooks;apachebuilds;timbarham","2026-02-03T19:52:03Z","no","no","2026-02-19T13:02:54.211Z"
"phonegap","npm","60","MEDIUM","filmaj;surajpindoria;hermwong;devgeeks;purplecabbage;timkim;stevegill;macdonst","2022-04-09T16:44:55Z","no","no","2026-02-19T13:02:55.580Z"
"capacitor","npm","85","LOW","miklschmidt","2023-08-29T14:14:46Z","no","no","2026-02-19T13:02:57.420Z"
"expo","npm","70","MEDIUM","ide;brentvatne;evanbacon;expoadmin;exponent;bycedric;kudochien;alanhughes;expo-bot;wschurman","2026-02-19T13:00:52Z","no","no","2026-02-19T13:02:58.650Z"
"react-native","npm","90","LOW","react-native-bot;fb;lunaleaps;eliwhite;yungsters;cortinico;fkgozali","2026-02-19T13:00:05Z","no","no","2026-02-19T13:03:01.445Z"
"flutter","npm","85","LOW","simontabor;jt","2017-12-10T00:52:14Z","no","no","2026-02-19T13:03:03.392Z"
"playwright","npm","90","LOW","pavelfeldman;yurys;dgozman-ms;playwright-bot","2026-02-19T08:44:50Z","no","no","2026-02-19T13:03:07.020Z"
"puppeteer","npm","100","LOW","mathias;google-wombot","","no","no","2026-02-19T13:03:08.200Z"
"selenium-webdriver","npm","100","LOW","sriharsha;automatedtester;diemol;titusfortner;pujagani;jmleyba","2026-02-19T00:52:23Z","no","no","2026-02-19T13:03:19.271Z"
"cypress","npm","100","LOW","cypress-npm-publisher;brian-mann","2026-02-19T08:11:21Z","no","no","2026-02-19T13:03:20.359Z"
"webdriverio","npm","100","LOW","christian-bromann;wdio-user;wswebcreation-nl","2026-02-18T04:10:34Z","no","no","2026-02-19T13:03:21.956Z"
"testcafe","npm","100","LOW","kirovboris;romanresh","2026-02-14T12:43:37Z","no","no","2026-02-19T13:03:23.064Z"
"nightwatch","npm","100","LOW","garg3133;gravityvi;beatfactor;automatedtester","2026-02-13T13:24:34Z","no","no","2026-02-19T13:03:24.432Z"
"codeceptjs","npm","85","LOW","davert;alex_vorobey;thanh.nguyen;egor_bodnar","2026-02-19T10:01:48Z","no","no","2026-02-19T13:03:27.037Z"
"pm2","npm","97","LOW","tknew","2026-02-08T16:20:40Z","no","no","2026-02-19T13:03:28.148Z"
"forever","npm","90","LOW","jcrugzz;jeffsu;indexzero;bradleymeck;kibertoad","2023-05-21T21:49:29Z","no","no","2026-02-19T13:03:29.794Z"
"nodemon","npm","97","LOW","remy","2026-02-09T18:12:56Z","no","no","2026-02-19T13:03:30.858Z"
"ts-node","npm","95","LOW","blakeembrey;cspotcode","2024-07-18T18:14:16Z","no","no","2026-02-19T13:03:32.666Z"
"tsx","npm","86","LOW","hirokiosame","2026-02-13T18:07:16Z","no","no","2026-02-19T13:03:35.428Z"
"esbuild-register","npm","97","LOW","egoist","","no","no","2026-02-19T13:03:36.704Z"
"swc","npm","97","LOW","kdy1","","no","no","2026-02-19T13:03:38.658Z"
"@swc/core","npm","97","LOW","kdy1","2026-02-19T05:07:07Z","no","no","2026-02-19T13:03:40.689Z"
"bun","npm","90","LOW","jarred;robobun","2026-02-19T12:14:27Z","no","no","2026-02-19T13:03:43.054Z"
"deno","npm","100","LOW","ry;dsherret;denobot","2026-02-19T08:30:40Z","no","no","2026-02-19T13:03:45.573Z"
"prettier","npm","100","LOW","jlongster;lydell;thorn0;vjeux;fisker;suchipi;duailibe;ikatyang;azz;sosukesuzuki;prettier-bot","2026-02-17T21:35:52Z","no","no","2026-02-19T13:03:47.895Z"
"eslint-config-airbnb","npm","100","LOW","christianv;sharmilajesupaul;danbeam;brieb;airbnbeng;ljharb","2025-11-06T00:54:14Z","no","no","2026-02-19T13:03:49.790Z"
"eslint-config-standard","npm","100","LOW","jhiesey;bret;feross;flet;linusu;mafintosh;jprichardson;watson;raynos;toddbluhm;voxpelli","2026-02-17T15:33:11Z","no","no","2026-02-19T13:03:51.664Z"
"stylelint","npm","100","LOW","jeddy3;ybiquitous;romainmenke;ntwb","2026-02-19T06:49:20Z","no","no","2026-02-19T13:03:52.710Z"
"commitlint","npm","100","LOW","marionebl;martinhelmut;escapedcat;bycedric","2026-02-19T10:27:59Z","no","no","2026-02-19T13:07:09.474Z"
"husky","npm","97","LOW","typicode","2026-02-07T10:36:42Z","no","no","2026-02-19T13:07:11.196Z"
"lint-staged","npm","100","LOW","okonet;iiroj","2026-02-07T09:01:53Z","no","no","2026-02-19T13:07:13.058Z"
"conventional-changelog","npm","100","LOW","bcoe;oss-bot;dangreen;andytjoslin;stevemao;marionebl;tapppi","2026-02-17T17:40:14Z","no","no","2026-02-19T13:07:15.283Z"
"semantic-release","npm","90","LOW","pvdlg;semantic-release-bot;gr2m;travi","2026-02-16T05:26:08Z","no","no","2026-02-19T13:07:18.004Z"
"standard-version","npm","100","LOW","stevemao;bcoe;tapppi;tommywo;nexdrew;oss-bot","2026-02-07T01:05:01Z","no","no","2026-02-19T13:07:19.952Z"
"release-it","npm","97","LOW","webpro","2026-01-20T18:40:03Z","no","no","2026-02-19T13:07:22.339Z"
"changesets","npm","80","LOW","marcelklehr","2016-05-29T23:18:18Z","no","no","2026-02-19T13:07:24.593Z"
"storybook","npm","75","MEDIUM","ndelangen;tmeasday;ghengeveld;kasperpeulen;shilman;jreinhold;valentinpalkovic;storybook-bot","2026-02-19T13:05:17Z","no","no","2026-02-19T13:07:27.545Z"
"@storybook/react","npm","85","LOW","ndelangen;shilman;tmeasday;ghengeveld;winkervsbecks;yannbf;kylegach;jreinhold;kasperpeulen;valentinpalkovic;domyen;storybook-bot","2026-02-19T13:05:17Z","no","no","2026-02-19T13:07:30.654Z"
"chromatic","npm","100","LOW","codykaup;tmeasday;shilman;ndelangen;ghengeveld;jmhobbs;thafryer;chromatic-ci-bot;andrewortwein;tevanoff","2026-02-18T23:24:20Z","no","no","2026-02-19T13:07:33.293Z"
"loki","npm","81","LOW","oblador","2024-10-12T05:41:37Z","no","no","2026-02-19T13:07:35.278Z"
"percy","npm","97","LOW","percy-admin","2026-02-19T10:07:11Z","no","no","2026-02-19T13:07:37.808Z"
"backstopjs","npm","92","LOW","garris","2024-09-07T22:39:52Z","no","no","2026-02-19T13:07:39.979Z"
"pa11y","npm","100","LOW","rowanmanning;hollsk;glynnphillips;joseluisbolos;dotcode;joey.ciechanowicz;danyalaytekin;aarongoldenthal;jpw;pa11y-bot;andrewmee","2026-02-16T16:35:43Z","no","no","2026-02-19T13:07:42.150Z"
"axe-core","npm","100","LOW","dylanb;wilcofiers;dqlabs;npmdeque","2026-02-18T21:03:52Z","no","no","2026-02-19T13:07:44.210Z"
"sentry","npm","100","LOW","zeeg;sentry-bot","2026-02-19T11:57:59Z","no","no","2026-02-19T13:07:45.674Z"
"@sentry/node","npm","97","LOW","sentry-bot","2026-02-19T13:06:25Z","no","no","2026-02-19T13:07:47.744Z"
"logrocket","npm","89","LOW","eranimo;kristencolavita-lr;jlogsdon;logrocket-npm;pkriete;tmeehan;isalobar;amogensenlr;ianzylstra;sweber-lr;rlucioni;jibsheet;mwelter01;jyyang2020;patrickvietlr","","no","no","2026-02-19T13:07:49.197Z"
"datadog","npm","95","LOW","datadog","","no","no","2026-02-19T13:07:50.825Z"
"newrelic","npm","97","LOW","newrelic","2026-02-19T13:10:26Z","no","no","2026-02-19T13:12:08.509Z"
"appdynamics","npm","67","MEDIUM","appdynamics","2020-08-07T14:31:21Z","no","no","2026-02-19T13:12:11.062Z"
"dynatrace","npm","65","MEDIUM","npm","2024-03-04T15:30:44Z","no","no","2026-02-19T13:12:13.118Z"
"stripe","npm","97","LOW","stripe-bindings","2026-02-18T23:06:30Z","no","no","2026-02-19T13:12:15.028Z"
"@stripe/stripe-js","npm","100","LOW","rado-stripe;bmathews-stripe;cbala-stripe;dodgez-stripe;bdaily-stripe;rvolyar-stripe;tjliu-stripe;alic-stripe","2026-02-18T21:14:37Z","no","no","2026-02-19T13:12:17.937Z"
"paypal-rest-sdk","npm","90","LOW","sdk-integrations-npm;sioked;paypal-sdks;braintree;seavenly;jfurman;ravishekhar00;gregjopa;mnicpt;elizabethmv;nbierdeman;remotevision;rygilbert_paypal;rosman21;wsbrunson;yanisimov_paypal;avathalurin;gseguin;dustijones;sunnypatel;bywood;ppeeleniz;supremar;imbrian-paypal;cnallam;gabrielg-paypal;augreer8;bluepnume","","no","no","2026-02-19T13:12:19.796Z"
"braintree","npm","97","LOW","braintree","2026-02-02T20:36:54Z","no","no","2026-02-19T13:12:22.386Z"
"square","npm","100","LOW","jguze-sq;joanc;square-owner;adrw;square-developers;matahwoosh;hirokiosame;dpapastrat;plinio-square;linnea;pretzelhammer;alexandersmanning;amoghk;akolyte01;devonsquare;artemchubaryan;mikekono;block-oss-releases;jessiedlcs;lindy0820;xsquared;jffsquare","2026-02-11T00:19:36Z","no","no","2026-02-19T13:12:24.499Z"
"adyen","npm","75","MEDIUM","hekike;seb0zz","2020-09-22T15:01:41Z","no","no","2026-02-19T13:12:26.460Z"
"checkout-sdk-node","npm","97","LOW","integration-cko","","no","no","2026-02-19T13:12:27.986Z"
"aws-sdk","npm","79","MEDIUM","amzn-oss;aws-sdk-bot","2025-12-09T19:22:54Z","no","no","2026-02-19T13:12:30.096Z"
"@aws-sdk/client-s3","npm","100","LOW","amzn-oss;aws-sdk-bot","2026-02-19T05:17:33Z","no","no","2026-02-19T13:12:32.055Z"
"azure-storage","npm","80","LOW","azure-sdk;windowsazure","2023-07-18T23:08:32Z","no","no","2026-02-19T13:12:34.022Z"
"@google-cloud/storage","npm","86","LOW","google-wombot","2026-02-19T07:55:32Z","no","no","2026-02-19T13:12:36.018Z"
"firebase-admin","npm","89","LOW","firebase-ops;feiyang.chen;google-wombot;chholland","2026-02-19T05:15:30Z","no","no","2026-02-19T13:12:37.765Z"
"supabase","npm","100","LOW","kiwicopple;etienne_supa","2026-02-19T12:37:34Z","no","no","2026-02-19T13:12:39.733Z"
"redis","npm","90","LOW","bobymicroby;dmaier-redislabs;htemelski-redis;elena-redis;nkaradzhov","2026-02-16T14:35:46Z","no","no","2026-02-19T13:12:41.570Z"
"ioredis","npm","100","LOW","ioredis-robot;dmaier-redislabs","2026-02-12T14:42:35Z","no","no","2026-02-19T13:12:44.379Z"
"mongodb","npm","90","LOW","dariakp;dbx-node","2026-02-19T12:25:30Z","no","no","2026-02-19T13:12:46.348Z"
"mongoose","npm","75","MEDIUM","aaron;rauchg;tjholowaychuk;vkarpov15","2026-02-19T01:01:34Z","no","no","2026-02-19T13:12:47.919Z"
"mysql2","npm","72","MEDIUM","sidorares","2026-02-19T13:18:58Z","no","no","2026-02-19T13:22:06.015Z"
"pg","npm","82","LOW","brianc","2026-02-13T21:03:07Z","no","no","2026-02-19T13:22:07.910Z"
"sqlite3","npm","90","LOW","springmeyer;kkaefer;tmcw;erisds;yhahn;mapsam;zmully;kewde_;daniellockyer","2026-02-18T16:26:34Z","no","no","2026-02-19T13:22:09.921Z"
"@libsql/client","npm","100","LOW","penberg;luciofranco;notrab","2026-02-07T15:50:13Z","no","no","2026-02-19T13:22:11.799Z"
"drizzle-orm","npm","100","LOW","dankochetov;sheriman;alexblokh;kyrylo_usichenko","2026-02-18T23:46:53Z","no","no","2026-02-19T13:22:26.923Z"
"bull","npm","97","LOW","manast","2026-01-21T23:05:42Z","no","no","2026-02-19T13:22:29.448Z"
"bullmq","npm","86","LOW","manast","2026-02-19T13:06:17Z","no","no","2026-02-19T13:22:31.968Z"
"bee-queue","npm","100","LOW","skeggse;lewisjellis;beequeueci","2026-02-17T00:22:32Z","no","no","2026-02-19T13:22:34.416Z"
"agenda","npm","100","LOW","rschmukler;niftylettuce;vkarpov15;koresar;simison;santypk4;omgimalexis;joeframbach;simllll;titanism","2026-02-16T08:40:34Z","no","no","2026-02-19T13:22:36.600Z"
"node-cron","npm","97","LOW","merencia","2026-02-14T10:06:44Z","no","no","2026-02-19T13:22:38.869Z"
"node-schedule","npm","100","LOW","mattpat;sgimeno;tejasmanohar;jonhester;kibertoad","2025-06-19T14:45:58Z","no","no","2026-02-19T13:22:40.720Z"
"bree","npm","100","LOW","niftylettuce;shadowgate15;titanism","2026-02-17T22:09:07Z","no","no","2026-02-19T13:22:43.065Z"
"toad-scheduler","npm","95","LOW","kibertoad","2025-05-05T09:34:19Z","no","no","2026-02-19T13:22:44.584Z"
"nodemailer","npm","72","MEDIUM","andris","2026-02-07T08:58:05Z","no","no","2026-02-19T13:22:46.418Z"
"sendgrid","npm","90","LOW","siyegen;motdotla;eddiezane;elbuo8;partkyle;theycallmeswift;scottmotte;nquinlan;mkbernier;thinkingserious","2026-02-14T03:52:14Z","no","no","2026-02-19T13:22:48.373Z"
"@sendgrid/mail","npm","97","LOW","twilio-dx","2026-02-14T03:52:14Z","no","no","2026-02-19T13:22:50.538Z"
"mailgun-js","npm","80","LOW","jtetlermg;ai-wintermute;jvb182;pw_dev;zeefarmer;oleksandr-mazepa","2023-10-02T18:14:40Z","no","no","2026-02-19T13:22:53.164Z"
"postmark","npm","100","LOW","dandigangi_ac;coaldon_ac","2026-02-18T21:11:56Z","no","no","2026-02-19T13:22:56.635Z"
"resend","npm","100","LOW","bukinoshita;zenorocha;jopcmelo;cisneiros;gabrielmfern;carolmoreschi;lucasfcosta;vcapretz;isabellaaquino;carolina-josephik","2026-02-17T18:04:55Z","no","no","2026-02-19T13:22:58.350Z"
"sharp","npm","87","LOW","lovell","2026-02-01T21:20:26Z","no","no","2026-02-19T13:27:05.815Z"
"jimp","npm","100","LOW","oliver.moran;alisowski","","no","no","2026-02-19T13:27:07.127Z"
"canvas","npm","90","LOW","kangax;rauchg;linusu;tootallnate;domenic;tjholowaychuk;zbjornson;calebhearon","2026-02-16T22:01:17Z","no","no","2026-02-19T13:27:08.963Z"
"puppeteer-core","npm","100","LOW","mathias;google-wombot","","no","no","2026-02-19T13:27:10.792Z"
"playwright-core","npm","100","LOW","pavelfeldman;yurys;dgozman-ms;playwright-bot","2026-02-19T08:44:50Z","no","no","2026-02-19T13:27:13.796Z"
"ffmpeg-static","npm","100","LOW","noblesamurai;eugeneware;jacob-samurai;derhuerst","2025-11-14T21:33:34Z","no","no","2026-02-19T13:27:15.923Z"
"fluent-ffmpeg","npm","75","MEDIUM","bencevans;njoyard;rhodgkins;schaermu;spruce","2025-05-22T09:42:00Z","no","no","2026-02-19T13:27:18.298Z"
"socket.io","npm","90","LOW","rauchg;darrachequesne","2026-01-23T13:56:17Z","no","no","2026-02-19T13:27:20.283Z"
"ws","npm","90","LOW","einaros;v1;lpinca;3rdeden","2026-01-09T12:11:07Z","no","no","2026-02-19T13:27:22.090Z"
"sockjs","npm","100","LOW","glasser;majek;squaremo;msackman;brycekahle;auvipy","2025-11-16T20:25:03Z","no","no","2026-02-19T13:27:23.986Z"
"faye-websocket","npm","87","LOW","jcoglan","2023-09-07T18:19:35Z","no","no","2026-02-19T13:27:25.745Z"
"uws","npm","72","MEDIUM","alexhultman","2026-01-15T10:38:31Z","no","no","2026-02-19T13:27:28.410Z"
"websocket","npm","97","LOW","theturtle32","2025-10-06T22:27:40Z","no","no","2026-02-19T13:27:30.001Z"
"ws-wrapper","npm","95","LOW","bminer","2025-05-19T02:12:19Z","no","no","2026-02-19T13:27:32.468Z"
"passport","npm","92","LOW","jaredhanson","2024-08-16T21:56:14Z","no","no","2026-02-19T13:27:34.675Z"
"@auth/core","npm","100","LOW","himself_65;bekacru","2026-02-07T21:40:57Z","no","no","2026-02-19T13:27:37.131Z"
"next-auth","npm","75","MEDIUM","balazsorban;himself_65;bekacru","2026-02-07T21:40:57Z","no","no","2026-02-19T13:27:39.642Z"
"lucia","npm","76","MEDIUM","pilcrowonpaper","2025-07-13T23:55:43Z","no","no","2026-02-19T13:27:41.938Z"
"auth0","npm","90","LOW","auth0-oss;auth0npm;auth0brokkr;jessele;oktajeffoktajeff;bsmith-auth0;sanjay.manikandhan;josecarlos-chavez_atko;sgarcia-atko;roger.chan;maaantone;lewisbyrne-okta;tarunpreet.kaur;cristiandouce;jfromaniello;iaco;dschenkelman;hzalaz","2026-02-11T08:02:26Z","no","no","2026-02-19T13:27:44.077Z"
"clerk","npm","85","LOW","colinclerk","2015-06-15T03:44:22Z","no","no","2026-02-19T13:27:46.000Z"
"firebase-auth","npm","80","LOW","hisabimbola","2016-03-19T23:10:28Z","no","no","2026-02-19T13:32:08.518Z"
"zod","npm","86","LOW","colinhacks","2026-02-15T14:20:41Z","no","no","2026-02-19T13:32:11.086Z"
"yup","npm","86","LOW","monastic.panic","2026-02-17T20:56:43Z","no","no","2026-02-19T13:32:12.845Z"
"joi","npm","100","LOW","marsup;nlf;nargonath;devinivy;wyatt;hueniverse","2025-11-19T15:48:42Z","no","no","2026-02-19T13:32:14.643Z"
"ajv","npm","100","LOW","blakeembrey;esp","2026-02-18T19:57:38Z","no","no","2026-02-19T13:32:15.978Z"
"class-validator","npm","85","LOW","nonameprovided;typestack-release-bot","2025-12-02T21:18:40Z","no","no","2026-02-19T13:32:17.967Z"
"io-ts","npm","92","LOW","gcanti","2024-12-10T11:53:31Z","no","no","2026-02-19T13:32:19.820Z"
"runtypes","npm","100","LOW","pelotom;yuhr","2026-01-21T23:22:55Z","no","no","2026-02-19T13:32:22.071Z"
"superstruct","npm","95","LOW","ianstormtaylor;artmllr","2024-10-01T02:42:53Z","no","no","2026-02-19T13:32:24.273Z"
"valibot","npm","87","LOW","fabian-hiller","2026-02-05T05:17:13Z","no","no","2026-02-19T13:32:26.036Z"
"winston","npm","100","LOW","chjj;jcrugzz;v1;indexzero;3rdeden;dabh;w-b-t;maverick18722","2025-12-08T19:02:16Z","no","no","2026-02-19T13:32:28.096Z"
"pino","npm","100","LOW","matteo.collina;jsumners;watson;davidmarkclements","2026-02-09T17:40:26Z","no","no","2026-02-19T13:32:29.978Z"
"bunyan","npm","87","LOW","trentm","2023-09-18T16:20:50Z","no","no","2026-02-19T13:32:31.776Z"
"log4js","npm","100","LOW","lamweili;csausdev","2026-01-21T23:02:49Z","no","no","2026-02-19T13:32:34.007Z"
"consola","npm","100","LOW","atinux;pi0","2026-02-18T19:52:06Z","no","no","2026-02-19T13:32:36.217Z"
"signale","npm","97","LOW","klaudiosinani","2026-01-17T12:59:06Z","no","no","2026-02-19T13:32:39.206Z"
"figlet","npm","97","LOW","patorjk","2026-01-25T04:01:48Z","no","no","2026-02-19T13:32:40.825Z"
"ora","npm","97","LOW","sindresorhus","2026-02-05T04:33:37Z","no","no","2026-02-19T13:32:42.585Z"
"listr2","npm","97","LOW","cenk1cenk2","2026-02-14T01:09:04Z","no","no","2026-02-19T13:32:44.407Z"
"ink","npm","89","LOW","vdemedes;sindresorhus","2026-02-19T07:01:52Z","no","no","2026-02-19T13:37:07.505Z"
"inquirer","npm","100","LOW","sboudrias;mischah;ruyadorno","2026-02-19T01:00:54Z","no","no","2026-02-19T13:37:09.433Z"
"enquirer","npm","95","LOW","jonschlinkert;doowb","2024-06-11T15:05:05Z","no","no","2026-02-19T13:37:11.304Z"
"prompts","npm","97","LOW","terkelg","2025-05-14T16:42:36Z","no","no","2026-02-19T13:37:12.948Z"
"@clack/prompts","npm","100","LOW","natemoo-re;dreyfus92;43081j;amirsa12;aslemammad","2026-02-16T23:01:33Z","no","no","2026-02-19T13:37:16.065Z"
"readline","npm","100","LOW","craigbrookes;maleck13","2025-03-19T07:17:06Z","no","no","2026-02-19T13:37:17.908Z"
"blessed","npm","92","LOW","chjj","2024-03-22T10:02:56Z","no","no","2026-02-19T13:37:20.293Z"
"blessed-contrib","npm","90","LOW","yaron;lirantal","2024-01-09T09:13:26Z","no","no","2026-02-19T13:37:22.739Z"
"node-fetch","npm","85","LOW","endless;bitinn;timothygu;akepinski;node-fetch-bot","2024-08-13T22:17:04Z","no","no","2026-02-19T13:37:24.645Z"
"undici","npm","90","LOW","matteo.collina;ronag;ethan_arrowood","2026-02-19T11:07:34Z","no","no","2026-02-19T13:37:27.169Z"
"got","npm","97","LOW","sindresorhus","2026-02-17T12:41:15Z","no","no","2026-02-19T13:37:29.098Z"
"axios","npm","90","LOW","mzabriskie;nickuraltsev;emilyemorehouse;jasonsaayman","2026-02-19T01:32:11Z","no","no","2026-02-19T13:37:31.152Z"
"superagent","npm","100","LOW","niftylettuce;superjoe;rauchg;travisjeffery;tjholowaychuk;kornel;titanism","2026-01-06T07:45:06Z","no","no","2026-02-19T13:37:33.401Z"
"request","npm","85","LOW","fredkschott;mikeal;nylen;simov","2024-08-14T00:09:41Z","no","no","2026-02-19T13:37:35.196Z"
"needle","npm","97","LOW","tomas","2025-11-19T17:46:24Z","no","no","2026-02-19T13:37:36.951Z"
"phin","npm","87","LOW","ethan_","","no","no","2026-02-19T13:37:39.245Z"
"ky","npm","86","LOW","sindresorhus","2026-02-16T10:36:09Z","no","no","2026-02-19T13:37:41.505Z"
"cheerio","npm","100","LOW","jugglinmike;feedic","2026-02-19T03:16:15Z","no","no","2026-02-19T13:37:43.195Z"
"jsdom","npm","100","LOW","timothygu;domenic;sebmaster;zirro;tmpvar;joris-van-der-wel","2026-02-17T06:36:56Z","no","no","2026-02-19T13:37:45.048Z"
"puppeteer","npm","100","LOW","mathias;google-wombot","","no","no","2026-02-19T13:37:46.990Z"
"playwright","npm","90","LOW","pavelfeldman;yurys;dgozman-ms;playwright-bot","2026-02-19T08:44:50Z","no","no","2026-02-19T13:42:09.395Z"
"linkedom","npm","97","LOW","webreflection","2025-08-21T08:56:23Z","no","no","2026-02-19T13:42:11.657Z"
"happy-dom","npm","82","LOW","davidortner","2026-02-19T00:48:04Z","no","no","2026-02-19T13:42:13.547Z"
"parse5","npm","100","LOW","43081j;rreverser;wooorm;feedic;inikulin","2026-02-17T09:00:37Z","no","no","2026-02-19T13:42:15.744Z"
"htmlparser2","npm","97","LOW","feedic","2026-02-19T12:45:21Z","no","no","2026-02-19T13:42:17.999Z"
"marked","npm","90","LOW","chjj;styfle;amidknight;tonybrix","2026-02-18T16:12:09Z","no","no","2026-02-19T13:42:21.035Z"
"markdown-it","npm","87","LOW","vitaly","2026-02-11T03:49:18Z","no","no","2026-02-19T13:42:22.891Z"
"remark","npm","100","LOW","remcohaszing;johno;wooorm","","no","no","2026-02-19T13:42:24.504Z"
"rehype","npm","100","LOW","remcohaszing;wooorm;kmck","","no","no","2026-02-19T13:42:26.100Z"
"mdx","npm","85","LOW","rstacruz;johno","2018-10-14T05:38:47Z","no","no","2026-02-19T13:42:28.273Z"
"unified","npm","95","LOW","remcohaszing;wooorm","2025-02-04T14:22:59Z","no","no","2026-02-19T13:42:30.255Z"
"hast","npm","85","LOW","wooorm","2025-02-28T09:58:20Z","no","no","2026-02-19T13:42:32.672Z"
"xast","npm","97","LOW","3axap4ehko","2026-02-17T00:16:07Z","no","no","2026-02-19T13:42:35.699Z"
"bcrypt","npm","100","LOW","jfirebaugh;tootallnate;ncb000gt;defunctzombie;amitosh","2026-01-06T09:05:59Z","no","no","2026-02-19T13:42:38.334Z"
"argon2","npm","97","LOW","ranisalt","2026-02-16T17:50:40Z","no","no","2026-02-19T13:42:40.150Z"
"scrypt","npm","80","LOW","barrysteyn","2022-06-08T14:02:41Z","no","no","2026-02-19T13:42:42.156Z"
"pbkdf2","npm","85","LOW","ljharb;dcousens;fundon;cwmma;indutny;jprichardson","2025-12-30T01:53:49Z","no","no","2026-02-19T13:42:44.100Z"
"crypto-js","npm","77","MEDIUM","evanvosberg","2024-08-09T08:16:59Z","no","no","2026-02-19T13:42:45.921Z"
"tweetnacl","npm","97","LOW","dchest","2025-08-15T11:43:43Z","no","no","2026-02-19T13:42:47.592Z"
"libsodium-wrappers","npm","97","LOW","jedisct1","2026-02-11T11:16:52Z","no","no","2026-02-19T13:52:07.648Z"
"jsonwebtoken","npm","75","MEDIUM","charlesrea;madhuri.rm23;julien.wollscheid;david.renaud.okta;javierquevedo","2025-12-04T10:30:21Z","no","no","2026-02-19T13:52:09.471Z"
"jose","npm","86","LOW","panva","2026-02-01T20:16:20Z","no","no","2026-02-19T13:52:13.392Z"
"paseto","npm","80","LOW","panva","2025-03-29T16:00:25Z","no","no","2026-02-19T13:52:15.877Z"
"njwt","npm","80","LOW","robertjd","2024-06-11T16:08:22Z","no","no","2026-02-19T13:52:17.991Z"
"atob","npm","82","LOW","coolaj86","","no","no","2026-02-19T13:52:19.404Z"
"btoa","npm","97","LOW","coolaj86","","no","no","2026-02-19T13:52:20.706Z"
"base64-js","npm","84","LOW","beatgammit;feross","2024-07-25T09:39:14Z","no","no","2026-02-19T13:52:23.438Z"
"buffer","npm","97","LOW","feross","2025-10-28T00:33:50Z","no","no","2026-02-19T13:52:25.580Z"
"compression","npm","100","LOW","dougwilson;ulisesgascon;wesleytodd","2026-01-03T17:40:16Z","no","no","2026-02-19T13:52:27.345Z"
"helmet","npm","100","LOW","adam_baldwin;evanhahn","2026-02-16T19:24:20Z","no","no","2026-02-19T13:52:29.273Z"
"cors","npm","100","LOW","dougwilson;ulisesgascon;troygoode","2026-02-01T14:47:33Z","no","no","2026-02-19T13:52:31.004Z"
"csrf","npm","100","LOW","ulisesgascon;dougwilson;jongleberry","2026-01-03T21:33:10Z","no","no","2026-02-19T13:52:33.014Z"
"hpp","npm","80","LOW","analog-nico","2023-02-06T09:53:21Z","no","no","2026-02-19T13:52:34.914Z"
"rate-limiter-flexible","npm","97","LOW","animir","2026-02-07T15:59:59Z","no","no","2026-02-19T13:52:36.707Z"
"express-rate-limit","npm","100","LOW","nfriedly;gamemaker1","2026-02-16T23:56:47Z","no","no","2026-02-19T13:52:38.520Z"
"validator","npm","90","LOW","cohara87;profnandaa;wikirik","2026-02-06T20:38:12Z","no","no","2026-02-19T13:52:40.381Z"
"sanitizer","npm","80","LOW","thesmaw","2020-10-02T05:26:30Z","no","no","2026-02-19T13:52:42.542Z"
"xss","npm","97","LOW","leizongmin","2026-01-14T17:22:30Z","no","no","2026-02-19T13:52:44.288Z"
"dompurify","npm","72","MEDIUM","cure53","2026-02-13T09:48:31Z","no","no","2026-02-19T13:52:46.768Z"
"isomorphic-dompurify","npm","97","LOW","kkomelin","2026-02-17T10:00:15Z","no","no","2026-02-19T13:57:09.279Z"
"sanitize-html","npm","90","LOW","alexgilbert;boutell;romanek;bodonkey","2026-02-19T13:10:11Z","no","no","2026-02-19T13:57:11.595Z"
"multer","npm","90","LOW","ctcpip;ulisesgascon;linusu;hacksparrow;jpfluger","2026-02-16T09:02:31Z","no","no","2026-02-19T13:57:13.520Z"
"formidable","npm","100","LOW","felixge;kornel;grossacasacs;tunnckocore;quantumsheep","","no","no","2026-02-19T13:57:15.230Z"
"busboy","npm","92","LOW","mscdex","2024-05-31T20:04:04Z","no","no","2026-02-19T13:57:17.013Z"
"express-fileupload","npm","75","MEDIUM","richardgirges;romon2002","2025-07-05T13:33:32Z","no","no","2026-02-19T13:57:19.150Z"
"file-type","npm","87","LOW","sindresorhus","2026-01-08T19:18:09Z","no","no","2026-02-19T13:57:20.971Z"
"mime","npm","87","LOW","broofa","2025-11-15T14:32:32Z","no","no","2026-02-19T13:57:22.788Z"
"mime-types","npm","100","LOW","blakeembrey;wesleytodd;dougwilson;ulisesgascon;jongleberry","2026-02-01T13:27:55Z","no","no","2026-02-19T13:57:25.323Z"
"csv-parser","npm","95","LOW","mafintosh;trysound;maxogden;shellscape","2025-01-29T21:31:43Z","no","no","2026-02-19T13:57:26.977Z"
"csv-write-stream","npm","85","LOW","finnpauls;mafintosh;maxogden;slang","2020-09-02T09:01:29Z","no","no","2026-02-19T13:57:29.445Z"
"fast-csv","npm","100","LOW","dustinsmith1024;damartin;juan-c2fo","2026-02-19T13:56:16Z","no","no","2026-02-19T13:57:31.364Z"
"papaparse","npm","90","LOW","mholt;pokoli","2025-08-20T06:47:43Z","no","no","2026-02-19T13:57:33.250Z"
"xlsx","npm","82","LOW","s5s","2024-04-18T08:06:46Z","no","no","2026-02-19T13:57:35.737Z"
"exceljs","npm","95","LOW","guyonroche;siemienik","2025-01-21T16:00:46Z","no","no","2026-02-19T13:57:38.042Z"
"sheetjs","npm","79","MEDIUM","sheetjs","2024-04-18T08:06:46Z","no","no","2026-02-19T13:57:40.074Z"
"pdfkit","npm","100","LOW","devongovett;diegomura;blikblum;liborm85","2026-02-13T16:24:50Z","no","no","2026-02-19T13:57:42.925Z"
"puppeteer-pdf","npm","95","LOW","madisvain","","no","no","2026-02-19T13:57:44.669Z"
"wkhtmltopdf","npm","90","LOW","devongovett;zxlin","2023-03-09T09:29:31Z","no","no","2026-02-19T13:57:47.414Z"
"weasyprint","npm","80","LOW","bob6664569","2022-06-22T15:23:37Z","no","no","2026-02-19T14:02:10.099Z"
"gotenberg-js-client","npm","85","LOW","yumauri","2023-12-19T16:33:43Z","no","no","2026-02-19T14:02:12.068Z"
"qrcode","npm","95","LOW","soldair;vigreco","2024-08-23T14:37:17Z","no","no","2026-02-19T14:02:14.182Z"
"node-qrcode","npm","80","LOW","sobear","2015-12-07T08:01:56Z","no","no","2026-02-19T14:02:16.229Z"
"qr-image","npm","90","LOW","alexeyten","2024-02-23T07:19:13Z","no","no","2026-02-19T14:02:18.615Z"
"bwip-js","npm","100","LOW","metafloor;bwip-js","2025-11-11T23:25:04Z","no","no","2026-02-19T14:02:21.244Z"
"jsbarcode","npm","97","LOW","lindell","2026-01-07T19:49:51Z","no","no","2026-02-19T14:02:22.889Z"
"barcode","npm","80","LOW","samt","2020-09-01T15:20:09Z","no","no","2026-02-19T14:02:24.783Z"
"q","npm","65","MEDIUM","domenic;kriskowal","2023-11-08T10:50:34Z","no","no","2026-02-19T14:02:25.730Z"
"bluebird","npm","92","LOW","esailija","2024-11-07T20:26:46Z","no","no","2026-02-19T14:02:27.383Z"
"when","npm","82","LOW","cujojs","2022-04-10T19:35:16Z","no","no","2026-02-19T14:02:29.299Z"
"rsvp","npm","90","LOW","fivetanley;mixonic;rwjblue;ryanflorence;stefanpenner;wycats","2023-10-27T00:21:03Z","no","no","2026-02-19T14:02:31.408Z"
"whenjs","npm","80","LOW","ariporad","2013-11-10T23:13:21Z","no","no","2026-02-19T14:02:33.336Z"
"promise","npm","79","MEDIUM","forbeslindesay;then-promise-bot","2023-10-21T03:35:42Z","no","no","2026-02-19T14:02:35.621Z"
"es6-promise","npm","85","LOW","jaffathecake;stefanpenner","2022-11-14T21:47:12Z","no","no","2026-02-19T14:02:37.623Z"
"native-promise-only","npm","67","MEDIUM","getify","2019-10-27T02:11:57Z","no","no","2026-02-19T14:02:39.852Z"
"rxjs","npm","89","LOW","cartant;blesh;kwonoj","2025-02-23T20:54:32Z","no","no","2026-02-19T14:02:41.035Z"
"zen-observable","npm","82","LOW","zenparsing","2023-01-04T21:36:34Z","no","no","2026-02-19T14:02:42.701Z"
"most","npm","85","LOW","tylors;briancavalier;cujojs;davidchase;most","2022-12-06T17:07:17Z","no","no","2026-02-19T14:02:45.773Z"
"xstream","npm","90","LOW","staltz;cycle","2023-07-18T20:00:00Z","no","no","2026-02-19T14:02:47.478Z"
"baconjs","npm","100","LOW","raimohanska;pnex2000;semmel","2025-04-18T11:27:53Z","no","no","2026-02-19T14:07:08.320Z"
"kefir","npm","95","LOW","pozadi;jamesdigioia;macil","2024-06-20T00:40:05Z","no","no","2026-02-19T14:07:10.743Z"
"highland","npm","85","LOW","caolan;jeromew;vqvu","2020-06-18T07:57:58Z","no","no","2026-02-19T14:07:12.956Z"
"immutable","npm","89","LOW","jdeniau;leebyron","2026-01-28T19:11:11Z","no","no","2026-02-19T14:07:14.720Z"
"mori","npm","80","LOW","dnolen","2020-04-19T19:59:59Z","no","no","2026-02-19T14:07:16.784Z"
"seamless-immutable","npm","70","MEDIUM","crudh;rtfeldman","2021-06-25T16:12:52Z","no","no","2026-02-19T14:07:18.864Z"
"immutability-helper","npm","85","LOW","andreiglingeanu;kolodny","2020-10-15T13:51:46Z","no","no","2026-02-19T14:07:20.743Z"
"updeep","npm","90","LOW","astephenb;aaronjensen;substantial-accounts","2023-02-21T15:41:55Z","no","no","2026-02-19T14:07:23.340Z"
"icepick","npm","80","LOW","aearly","2021-08-09T22:16:11Z","no","no","2026-02-19T14:07:25.268Z"
"ramda","npm","100","LOW","crosseye;davidchambers;rane;buzzdecafe;scott-christopher;aromano;kedashoe;bradcomp","2026-01-22T07:16:29Z","no","no","2026-02-19T14:07:27.422Z"
"lodash-es","npm","75","MEDIUM","mathias;jdalton;bnjmnt4n","2026-02-06T14:13:37Z","no","no","2026-02-19T14:07:28.590Z"
"underscore","npm","85","LOW","jashkenas;jgonggrijp","2026-02-19T11:43:23Z","no","no","2026-02-19T14:07:30.992Z"
"lazy.js","npm","80","LOW","dtao","2020-07-15T20:12:33Z","no","no","2026-02-19T14:07:33.366Z"
"collect.js","npm","92","LOW","ecrmnn","2024-10-22T18:24:04Z","no","no","2026-02-19T14:07:36.168Z"
"immutable-ext","npm","65","MEDIUM","drboolean","2020-08-07T14:31:21Z","no","no","2026-02-19T14:07:38.159Z"
"moment-timezone","npm","100","LOW","ichernev;gilmoreorless;timrwood;mj1856;maggiepint;marwahaha;ellenaua","2026-02-14T04:53:47Z","no","no","2026-02-19T14:07:40.051Z"
"luxon","npm","90","LOW","icambron;diesieben07","2026-02-07T16:55:22Z","no","no","2026-02-19T14:07:43.509Z"
"date-fns-tz","npm","92","LOW","marnusw","2024-12-31T22:43:48Z","no","no","2026-02-19T14:07:45.241Z"
"dayjs-plugin-utc","npm","80","LOW","guisturdy","2023-01-04T04:33:55Z","no","no","2026-02-19T14:07:47.272Z"
"spacetime","npm","100","LOW","brianleroux;spencermountain;ryanblock","2025-12-10T13:28:34Z","no","no","2026-02-19T14:07:49.591Z"
"timezone-support","npm","85","LOW","prantlf","2023-10-03T16:05:06Z","no","no","2026-02-19T14:12:12.708Z"
"numeral","npm","97","LOW","adamwdraper","2026-02-15T15:16:26Z","no","no","2026-02-19T14:12:14.500Z"
"accounting","npm","90","LOW","openexchangerates","2024-03-05T09:57:55Z","no","no","2026-02-19T14:12:16.452Z"
"dinero.js","npm","95","LOW","sarahdayan","2026-02-11T23:42:54Z","no","no","2026-02-19T14:12:18.874Z"
"currency.js","npm","97","LOW","scurker","2026-02-19T01:01:16Z","no","no","2026-02-19T14:12:20.768Z"
"money-math","npm","95","LOW","ikr","2025-08-02T07:25:40Z","no","no","2026-02-19T14:12:22.898Z"
"bignumber.js","npm","97","LOW","mikemcl","2026-02-09T13:44:43Z","no","no","2026-02-19T14:12:25.750Z"
"decimal.js","npm","97","LOW","mikemcl","2025-07-06T22:50:07Z","no","no","2026-02-19T14:12:27.418Z"
"mathjs","npm","72","MEDIUM","josdejong","2026-02-18T17:43:29Z","no","no","2026-02-19T14:12:29.813Z"
"numbers","npm","80","LOW","sjkaliski","2022-02-04T15:09:21Z","no","no","2026-02-19T14:12:32.506Z"
"complex.js","npm","97","LOW","infusion","2025-11-14T00:08:43Z","no","no","2026-02-19T14:12:34.295Z"
"fraction.js","npm","97","LOW","infusion","2025-09-26T19:34:28Z","no","no","2026-02-19T14:12:36.364Z"
"polynomial.js","npm","95","LOW","timonlukas","","no","no","2026-02-19T14:12:38.413Z"
"simple-statistics","npm","97","LOW","tmcw","2026-02-01T11:01:44Z","no","no","2026-02-19T14:12:40.390Z"
"ml-matrix","npm","100","LOW","stropitek;targos;lpatiny;mljs-bot;maasencioh;jeffersonh44;andcastillo","2025-06-20T12:36:45Z","no","no","2026-02-19T14:12:42.398Z"
"natural","npm","100","LOW","chrisumbel;kkoch986;hugo-ter-doest","2026-02-19T13:34:33Z","no","no","2026-02-19T14:12:44.186Z"
"compromise","npm","100","LOW","brianleroux;silentrob;spencermountain","2025-12-12T19:10:25Z","no","no","2026-02-19T14:12:47.829Z"
"retext","npm","97","LOW","wooorm","","no","no","2026-02-19T14:12:49.922Z"
"franc","npm","95","LOW","wooorm","","no","no","2026-02-19T14:12:52.613Z"
"cld","npm","100","LOW","dachev;blago","2025-03-02T14:06:00Z","no","no","2026-02-19T14:22:11.584Z"
"tinyld","npm","90","LOW","kefniark;matt_seeley_komodo","2023-05-17T14:22:21Z","no","no","2026-02-19T14:22:13.588Z"
"langdetect","npm","95","LOW","newmsz","2026-01-24T11:42:32Z","no","no","2026-02-19T14:22:16.019Z"
"sentiment","npm","80","LOW","diy","2020-05-18T13:55:58Z","no","no","2026-02-19T14:22:17.959Z"
"afinn-165","npm","85","LOW","wooorm;zeke","2022-11-07T10:36:52Z","no","no","2026-02-19T14:22:19.968Z"
"vader-sentiment","npm","80","LOW","nimaeskandary","2018-04-17T15:46:56Z","no","no","2026-02-19T14:22:22.166Z"
"sentiment-multilang","npm","65","MEDIUM","davidemiceli","2018-09-07T15:28:22Z","no","no","2026-02-19T14:22:24.500Z"
"emoji-sentiment","npm","95","LOW","dematerializer","","no","no","2026-02-19T14:22:26.414Z"
"fuse.js","npm","97","LOW","krisk","2025-03-08T19:48:57Z","no","no","2026-02-19T14:22:28.073Z"
"flexsearch","npm","97","LOW","nextapps","2025-09-26T19:48:55Z","no","no","2026-02-19T14:22:29.849Z"
"minisearch","npm","97","LOW","lucaong","2025-09-16T12:43:59Z","no","no","2026-02-19T14:22:32.362Z"
"lunr","npm","92","LOW","olivernn","2024-07-31T11:57:09Z","no","no","2026-02-19T14:22:34.141Z"
"elasticlunr","npm","80","LOW","weixsong","2022-12-10T06:38:17Z","no","no","2026-02-19T14:22:36.053Z"
"search-index","npm","100","LOW","fergie;eklem;mewwts","2025-04-04T11:27:22Z","no","no","2026-02-19T14:22:38.451Z"
"ndx","npm","85","LOW","localvoid","2023-03-15T07:40:24Z","no","no","2026-02-19T14:22:40.507Z"
"diff","npm","79","MEDIUM","kpdecker;explodingcabbage","2026-02-18T16:43:43Z","no","no","2026-02-19T14:22:42.757Z"
"fast-diff","npm","90","LOW","luin;jhchen","2023-05-19T08:25:10Z","no","no","2026-02-19T14:22:44.459Z"
"jsdiff","npm","80","LOW","nathan7","2014-10-23T14:45:04Z","no","no","2026-02-19T14:22:46.363Z"
"deep-diff","npm","87","LOW","npm-support","2026-01-02T11:42:26Z","no","no","2026-02-19T14:22:48.386Z"
"deep-object-diff","npm","92","LOW","mattphillips","2024-03-04T12:06:22Z","no","no","2026-02-19T14:22:50.877Z"
"just-diff","npm","87","LOW","angus-c","2024-02-11T12:23:37Z","no","no","2026-02-19T14:27:07.566Z"
"microdiff","npm","95","LOW","asyncbanana","2025-08-14T03:38:15Z","no","no","2026-02-19T14:27:10.061Z"
"clone","npm","82","LOW","pvorb","2021-11-06T19:54:07Z","no","no","2026-02-19T14:27:12.819Z"
"clone-deep","npm","90","LOW","doowb;jonschlinkert","2024-02-09T23:45:49Z","no","no","2026-02-19T14:27:14.514Z"
"rfdc","npm","100","LOW","matteo.collina;davidmarkclements","2025-04-22T07:50:55Z","no","no","2026-02-19T14:27:16.731Z"
"fast-copy","npm","97","LOW","planttheidea","2026-02-03T20:17:45Z","no","no","2026-02-19T14:27:18.991Z"
"fast-clone","npm","70","MEDIUM","davidmarkclements;codeandcats","2019-06-19T11:57:02Z","no","no","2026-02-19T14:27:21.307Z"
"deep-copy","npm","80","LOW","simov","2018-01-11T19:01:39Z","no","no","2026-02-19T14:27:23.606Z"
"structured-clone","npm","85","LOW","tcr;ljharb","2014-07-04T03:31:59Z","no","no","2026-02-19T14:27:26.443Z"
"merge","npm","77","MEDIUM","juanrgm","2024-02-06T16:25:03Z","no","no","2026-02-19T14:27:29.150Z"
"deepmerge","npm","87","LOW","tehshrike","2023-04-21T05:16:12Z","no","no","2026-02-19T14:27:30.863Z"
"lodash.merge","npm","90","LOW","jdalton;mathias","2026-02-06T14:13:37Z","no","no","2026-02-19T14:27:33.177Z"
"merge-deep","npm","60","MEDIUM","jonschlinkert;doowb","2022-09-08T19:23:04Z","no","no","2026-02-19T14:27:34.909Z"
"assign-deep","npm","75","MEDIUM","doowb;jonschlinkert","2022-02-24T20:10:30Z","no","no","2026-02-19T14:27:36.960Z"
"mixin-deep","npm","65","MEDIUM","doowb;jonschlinkert","2023-08-23T03:30:34Z","no","no","2026-02-19T14:27:39.268Z"
"traverse","npm","92","LOW","ljharb","2025-01-16T01:14:28Z","no","no","2026-02-19T14:27:41.123Z"
"estree-walker","npm","97","LOW","rich_harris","2025-09-07T19:57:21Z","no","no","2026-02-19T14:27:43.334Z"
"ast-types","npm","92","LOW","benjamn","2024-06-12T20:52:04Z","no","no","2026-02-19T14:27:44.997Z"
"recast","npm","100","LOW","eventualbuddha;benjamn","2025-03-03T01:52:20Z","no","no","2026-02-19T14:27:46.701Z"
"esprima","npm","87","LOW","ariya","2023-04-16T01:17:08Z","no","no","2026-02-19T14:27:49.093Z"
"espree","npm","100","LOW","openjsfoundation;eslintbot","2026-02-19T11:46:37Z","no","no","2026-02-19T14:32:12.612Z"
"acorn","npm","90","LOW","marijn;adrianheine;rreverser","2025-12-19T08:11:48Z","no","no","2026-02-19T14:32:14.665Z"
"meriyah","npm","100","LOW","fisker;huochunpeng;weiran.zsd;meriyah","2026-02-13T00:40:58Z","no","no","2026-02-19T14:32:16.998Z"
"escodegen","npm","95","LOW","michaelficarra;constellation","2024-07-17T02:01:51Z","no","no","2026-02-19T14:32:19.080Z"
"esgenerate","npm","95","LOW","alxndrsn","2025-08-21T07:24:55Z","no","no","2026-02-19T14:32:21.001Z"
"prettier","npm","100","LOW","jlongster;lydell;thorn0;vjeux;fisker;suchipi;duailibe;ikatyang;azz;sosukesuzuki;prettier-bot","2026-02-17T21:35:52Z","no","no","2026-02-19T14:32:23.555Z"
"recast","npm","100","LOW","eventualbuddha;benjamn","2025-03-03T01:52:20Z","no","no","2026-02-19T14:32:24.584Z"
"astring","npm","92","LOW","davidbonnet","2024-12-01T12:16:56Z","no","no","2026-02-19T14:32:26.920Z"
"js-beautify","npm","100","LOW","evocateur;bitwiseman","2026-02-07T15:11:11Z","no","no","2026-02-19T14:32:29.145Z"
"uglify-js","npm","70","MEDIUM","alexlamsl;mishoo;rvanvelzen1","2024-11-22T08:11:38Z","no","no","2026-02-19T14:32:30.994Z"
"terser","npm","87","LOW","fabiosantoscode","2026-02-02T19:43:23Z","no","no","2026-02-19T14:32:34.023Z"
"esbuild","npm","97","LOW","esbuild","2026-02-05T22:03:53Z","no","no","2026-02-19T14:32:35.905Z"
"swc","npm","97","LOW","kdy1","","no","no","2026-02-19T14:32:37.760Z"
"@swc/core","npm","97","LOW","kdy1","2026-02-19T05:07:07Z","no","no","2026-02-19T14:32:40.301Z"
"babel-core","npm","100","LOW","hzoo;loganfsmyth;existentialism","2026-02-17T12:59:34Z","no","no","2026-02-19T14:32:41.895Z"
"@babel/core","npm","100","LOW","hzoo;existentialism;nicolo-ribaudo;jlhwung","2026-02-17T12:59:34Z","no","no","2026-02-19T14:32:43.781Z"
"@babel/generator","npm","100","LOW","hzoo;existentialism;nicolo-ribaudo;jlhwung","2026-02-17T12:59:34Z","no","no","2026-02-19T14:32:45.577Z"
"eslint","npm","100","LOW","openjsfoundation;eslintbot","2026-02-19T13:50:04Z","no","no","2026-02-19T14:32:47.866Z"
"tslint","npm","46","HIGH","palantir","2021-03-25T15:41:38Z","no","no","2026-02-19T14:32:49.556Z"
"jshint","npm","95","LOW","jugglinmike;antonkovalyov;rwaldron","2025-02-13T17:18:03Z","no","no","2026-02-19T14:32:51.722Z"
"jscs","npm","70","MEDIUM","hzoo;markelog;mdevils;mikesherov;mrjoelkemp;qfox","2024-03-23T17:56:44Z","no","no","2026-02-19T14:42:08.957Z"
"jslint","npm","85","LOW","okuryu;reid;smikes","2022-07-11T01:59:39Z","no","no","2026-02-19T14:42:10.963Z"
"standard","npm","100","LOW","jhiesey;bret;feross;flet;linusu;mafintosh;jprichardson;watson;raynos;toddbluhm;voxpelli;yoshuawuyts;timoxley;maxogden;dcousens;jb55","2025-07-11T08:28:23Z","no","no","2026-02-19T14:42:12.783Z"
"semistandard","npm","95","LOW","jhiesey;bret;feross;flet;linusu;mafintosh;jprichardson;watson;raynos;toddbluhm;voxpelli","2024-08-15T23:03:47Z","no","no","2026-02-19T14:42:15.197Z"
"xo","npm","86","LOW","sindresorhus","2026-02-10T15:37:33Z","no","no","2026-02-19T14:42:17.687Z"
"mocha","npm","100","LOW","voxpelli;joshuakgoldberg;mark-wiemer","2026-02-19T02:10:57Z","no","no","2026-02-19T14:42:20.155Z"
"jest","npm","100","LOW","aaronabramov;simenb;rickhanlonii;openjs-operations;cpojer","2026-02-05T23:55:43Z","no","no","2026-02-19T14:42:22.354Z"
"jasmine","npm","100","LOW","slackersoft;sgravrock;dwfrank;amavisca","2026-02-16T23:45:02Z","no","no","2026-02-19T14:42:24.110Z"
"karma","npm","100","LOW","dignifiedquire;johnjbarton;zzo;vojtajina;karmarunnerbot","2026-02-13T16:37:30Z","no","no","2026-02-19T14:42:26.174Z"
"ava","npm","100","LOW","sindresorhus;novemberborn","2025-11-05T15:56:47Z","no","no","2026-02-19T14:42:28.023Z"
"tap","npm","97","LOW","isaacs","2026-02-18T22:08:34Z","no","no","2026-02-19T14:42:30.454Z"
"tape","npm","100","LOW","ljharb;domenic;raynos","2025-03-07T16:55:49Z","no","no","2026-02-19T14:42:32.439Z"
"vitest","npm","85","LOW","antfu;patak;oreanno;yyx990803;vitestbot","2026-02-19T14:19:08Z","no","no","2026-02-19T14:42:35.760Z"
"playwright-test","npm","97","LOW","hugomrdias","2026-01-22T00:07:45Z","no","no","2026-02-19T14:42:38.082Z"
"cypress","npm","100","LOW","cypress-npm-publisher;brian-mann","2026-02-19T08:11:21Z","no","no","2026-02-19T14:42:39.811Z"
"wdio","npm","75","MEDIUM","christian-bromann;wdio-user","2025-07-09T16:07:36Z","no","no","2026-02-19T14:42:42.343Z"
"nightwatch","npm","100","LOW","garg3133;gravityvi;beatfactor;automatedtester","2026-02-13T13:24:34Z","no","no","2026-02-19T14:42:44.206Z"
"testcafe","npm","100","LOW","kirovboris;romanresh","2026-02-14T12:43:37Z","no","no","2026-02-19T14:42:46.198Z"
"codeceptjs","npm","85","LOW","davert;alex_vorobey;thanh.nguyen;egor_bodnar","2026-02-19T10:01:48Z","no","no","2026-02-19T14:42:48.785Z"
"detox","npm","100","LOW","d4vidi;wix.mobile;yaroslavs;asafkorem","2026-02-05T14:26:24Z","no","no","2026-02-19T14:52:07.816Z"
"appium","npm","100","LOW","jlipps;nick.mokhnach;kazucocoa;npm;imurchie;dangraham;umut.uzgur","2026-02-19T12:41:19Z","no","no","2026-02-19T14:52:10.423Z"
"nyc","npm","95","LOW","isaacs;bcoe;coreyfarrell","2024-12-06T05:42:03Z","no","no","2026-02-19T14:52:12.710Z"
"c8","npm","100","LOW","bcoe;oss-bot","2026-02-06T18:32:48Z","no","no","2026-02-19T14:52:14.925Z"
"istanbul","npm","70","MEDIUM","bcoe;davglass;gotwarlost","2024-12-08T15:50:22Z","no","no","2026-02-19T14:52:17.006Z"
"codecov","npm","35","CRITICAL","drazisil;eddiemoore;gambreu;hootener;thomasrockhu","2023-01-06T06:01:14Z","no","no","2026-02-19T14:52:19.452Z"
"coveralls","npm","100","LOW","cainus;nickmerwin","2026-01-05T23:13:06Z","no","no","2026-02-19T14:52:21.083Z"
"sonarqube-scanner","npm","100","LOW","saberduck;gabssnake;elena-vilchik;andrea-guarino-sonarsource;gregaubert;sonar-jay;philippe-perrin-sonarsource;xay.tanovan;wouter-admiraal-sonarsource;mathieu-sonar;antonio.garcia.sonarsource;tomverin;jcarsique-sonar;yassin-kammoun-sonarsource;sonartech;lucio.merotta.sonarsource;lpaulger_sonarsource","","no","no","2026-02-19T14:52:22.552Z"
"codeclimate-test-reporter","npm","60","MEDIUM","davehenton;jmcgill","2021-09-16T16:37:59Z","no","no","2026-02-19T14:52:24.805Z"
"husky","npm","97","LOW","typicode","2026-02-07T10:36:42Z","no","no","2026-02-19T14:52:26.766Z"
"lint-staged","npm","100","LOW","okonet;iiroj","2026-02-07T09:01:53Z","no","no","2026-02-19T14:52:28.758Z"
"commitizen","npm","100","LOW","linusu;kentcdodds;jimthedev;commitizen-bot;pgoodjohn","2026-02-12T15:35:59Z","no","no","2026-02-19T14:52:30.700Z"
"commitlint","npm","100","LOW","marionebl;martinhelmut;escapedcat;bycedric","2026-02-19T10:27:59Z","no","no","2026-02-19T14:52:32.406Z"
"standard-version","npm","100","LOW","stevemao;bcoe;tapppi;tommywo;nexdrew;oss-bot","2026-02-07T01:05:01Z","no","no","2026-02-19T14:52:34.447Z"
"semantic-release","npm","90","LOW","pvdlg;semantic-release-bot;gr2m;travi","2026-02-16T05:26:08Z","no","no","2026-02-19T14:52:36.878Z"
"conventional-changelog","npm","100","LOW","bcoe;oss-bot;dangreen;andytjoslin;stevemao;marionebl;tapppi","2026-02-17T17:40:14Z","no","no","2026-02-19T14:52:38.710Z"
"conventional-commits-parser","npm","100","LOW","bcoe;oss-bot;dangreen;stevemao","2026-02-17T17:40:14Z","no","no","2026-02-19T14:52:40.392Z"
"parse-commit-message","npm","81","LOW","tunnckocore","2024-10-28T06:13:51Z","no","no","2026-02-19T14:52:43.428Z"
"plop","npm","100","LOW","amwmedia;crutchcorn","2026-02-18T18:42:24Z","no","no","2026-02-19T14:52:45.136Z"
"hygen","npm","92","LOW","jondot","2024-07-09T11:40:47Z","no","no","2026-02-19T14:52:47.338Z"
"yeoman-generator","npm","100","LOW","sboudrias;mischah;ulisesgascon;mshima;joshuakgoldberg;paulirish;eddiemonge;sindresorhus;addyosmani","2026-02-16T07:29:57Z","no","no","2026-02-19T14:57:09.393Z"
"scaffold","npm","85","LOW","doowb;jonschlinkert","2016-06-30T22:10:29Z","no","no","2026-02-19T14:57:12.326Z"
"cookiecutter","npm","90","LOW","mattvagni","2024-06-11T19:26:39Z","no","no","2026-02-19T14:57:14.310Z"
"copier","npm","55","HIGH","shannonmoeller","2013-12-05T15:45:27Z","no","no","2026-02-19T14:57:16.741Z"
"nx","npm","85","LOW","jack-nrwl;meeroslav;nrwlowner;nrwl-jason;juristr;altan-nrwl;jameshenry;vsavkin","2026-02-19T14:52:58Z","no","no","2026-02-19T14:57:18.895Z"
"@nrwl/cli","npm","89","LOW","jack-nrwl;meeroslav;nrwlowner;nrwl-jason;juristr;altan-nrwl;jameshenry","2026-02-19T14:52:58Z","no","no","2026-02-19T14:57:20.762Z"
"turborepo","npm","100","LOW","jaredpalmer;matt.straka;anthonyshew;turbobot","","no","no","2026-02-19T14:57:22.326Z"
"lerna","npm","100","LOW","nrwlowner;jameshenry","2026-02-10T20:35:00Z","no","no","2026-02-19T14:57:24.045Z"
"rush","npm","90","LOW","scaryzet","2024-02-26T05:48:25Z","no","no","2026-02-19T14:57:25.986Z"
"pnpm-workspace","npm","95","LOW","liupengfei886","","no","no","2026-02-19T14:57:27.630Z"
"yarn-workspaces","npm","95","LOW","guntherkoo","","no","no","2026-02-19T14:57:29.181Z"
"changesets","npm","80","LOW","marcelklehr","2016-05-29T23:18:18Z","no","no","2026-02-19T14:57:31.542Z"
"@changesets/cli","npm","100","LOW","noviny;changesets-release-bot;emmatown;andarist","","no","no","2026-02-19T14:57:33.210Z"
"beachball","npm","100","LOW","microsoft1es;microsoft-oss-releases;kenotron;kenotron_msft;ecraig12345_msft","2026-02-18T10:15:43Z","no","no","2026-02-19T14:57:35.770Z"
"semantic-release-monorepo","npm","95","LOW","pmowrer","","no","no","2026-02-19T14:57:37.351Z"
"multi-semantic-release","npm","100","LOW","dhoulb;antongolub","2026-02-03T19:47:37Z","no","no","2026-02-19T14:57:39.447Z"
"typedoc","npm","100","LOW","blakeembrey;sebastian-lenz;aciccarello;gerrit0;typedoc-bot","2026-02-13T18:12:45Z","no","no","2026-02-19T14:57:41.275Z"
"jsdoc","npm","97","LOW","hegemonic","2026-02-19T02:28:20Z","no","no","2026-02-19T14:57:43.435Z"
"documentation","npm","100","LOW","mourner;jfirebaugh;tmcw;anandthakker;birkskyum","2025-04-15T18:50:26Z","no","no","2026-02-19T14:57:45.363Z"
"esdoc","npm","90","LOW","h13i32maru","2024-08-14T11:10:32Z","no","no","2026-02-19T14:57:48.013Z"
"docusaurus","npm","100","LOW","slorber;fb;docusaurus-bot","2026-02-19T14:14:07Z","no","no","2026-02-19T15:02:11.613Z"
"vuepress","npm","95","LOW","ulivz;meteorlxy;yyx990803","2024-08-07T10:06:47Z","no","no","2026-02-19T15:02:13.835Z"
"docsify","npm","100","LOW","trusktr;qingwei.li;jhildenbiddle;anixsaha;sy-records;koooooo-7","2026-02-18T11:27:21Z","no","no","2026-02-19T15:02:15.716Z"
"gitbook","npm","90","LOW","samypesse;jpreynat","2026-02-19T14:49:32Z","no","no","2026-02-19T15:02:18.086Z"
"webpack","npm","85","LOW","15000621931;ev1stensberg;__hai;sokra;evilebottnawi;jhnns;thelarkinn","2026-02-19T14:11:49Z","no","no","2026-02-19T15:02:20.159Z"
"rollup","npm","90","LOW","eventualbuddha;trysound;rich_harris;victorystick;lukastaegert","2026-02-19T11:27:39Z","no","no","2026-02-19T15:02:22.289Z"
"parcel","npm","97","LOW","devongovett","2026-02-17T16:45:09Z","no","no","2026-02-19T15:02:24.887Z"
"esbuild","npm","97","LOW","esbuild","2026-02-05T22:03:53Z","no","no","2026-02-19T15:02:26.106Z"
"vite","npm","90","LOW","yyx990803;patak;antfu;vitebot","2026-02-19T07:23:17Z","no","no","2026-02-19T15:02:32.130Z"
"rspack","npm","95","LOW","hardfist","","no","no","2026-02-19T15:02:33.611Z"
"farm","npm","95","LOW","wre232114","","no","no","2026-02-19T15:02:35.382Z"
"wmr","npm","95","LOW","rschristian;marvinhagemeister;jdecroock;developit","2024-03-19T07:13:38Z","no","no","2026-02-19T15:02:37.684Z"
"snowpack","npm","90","LOW","fredkschott;matthewp;drewpowers","2023-03-05T16:10:07Z","no","no","2026-02-19T15:02:40.065Z"
"babel-loader","npm","100","LOW","loganfsmyth;hzoo;existentialism;nicolo-ribaudo","2026-02-15T20:45:14Z","no","no","2026-02-19T15:02:41.858Z"
"ts-loader","npm","100","LOW","blakeembrey;jbrantly;johnnyreilly","2026-02-12T10:15:23Z","no","no","2026-02-19T15:02:44.030Z"
"esbuild-loader","npm","97","LOW","hirokiosame","2026-02-19T08:11:11Z","no","no","2026-02-19T15:02:46.021Z"
"swc-loader","npm","97","LOW","kdy1","2026-02-06T11:18:03Z","no","no","2026-02-19T15:02:48.006Z"
"sass-loader","npm","100","LOW","evilebottnawi;sokra;jhnns;15000621931;ev1stensberg;__hai","2026-02-14T16:15:37Z","no","no","2026-02-19T15:02:49.770Z"
"css-loader","npm","100","LOW","evilebottnawi;sokra;jhnns","2026-02-16T13:28:23Z","no","no","2026-02-19T15:02:52.128Z"
"style-loader","npm","100","LOW","evilebottnawi;sokra;jhnns;15000621931;ev1stensberg;__hai","2025-11-07T12:18:26Z","no","no","2026-02-19T15:02:54.289Z"
"html-webpack-plugin","npm","100","LOW","jantimon;ampedandwired;mastilver;thelarkinn;evilebottnawi","2026-01-16T17:41:21Z","no","no","2026-02-19T15:07:08.622Z"
"mini-css-extract-plugin","npm","100","LOW","evilebottnawi;sokra;jhnns","2026-02-14T12:44:17Z","no","no","2026-02-19T15:07:10.453Z"
"terser-webpack-plugin","npm","100","LOW","evilebottnawi;sokra;jhnns;15000621931;ev1stensberg;__hai","2026-02-07T16:24:29Z","no","no","2026-02-19T15:07:12.331Z"
"copy-webpack-plugin","npm","100","LOW","evilebottnawi;sokra;jhnns;15000621931;ev1stensberg;__hai","2026-01-27T11:18:11Z","no","no","2026-02-19T15:07:14.968Z"
"dotenv","npm","100","LOW","~jcblw;scottmotte;motdotla;motdotenv","2026-02-18T08:21:48Z","no","no","2026-02-19T15:07:16.762Z"
"dotenv-expand","npm","97","LOW","motdotla","2026-01-21T23:20:40Z","no","no","2026-02-19T15:07:18.481Z"
"env-cmd","npm","100","LOW","toddbluhm;kyle.h","2026-02-09T12:15:44Z","no","no","2026-02-19T15:07:20.706Z"
"cross-env","npm","82","LOW","kentcdodds","2025-11-16T14:11:37Z","no","no","2026-02-19T15:07:22.412Z"
"config","npm","100","LOW","markstos;lorenwest;jdmarshall","2026-02-19T07:01:21Z","no","no","2026-02-19T15:07:24.218Z"
"convict","npm","75","MEDIUM","6a68;dannycoates;madarche;rfkelly;vbudhram;clouserw","","no","no","2026-02-19T15:07:25.903Z"
"nconf","npm","90","LOW","jcrugzz;indexzero;mhamann","2026-02-07T01:43:46Z","no","no","2026-02-19T15:07:28.421Z"
"rc","npm","20","CRITICAL","powersource;arj03;staltz;mixmix;cel;christianbundy;pfrazee;happy0;chereseeriepa","2022-03-30T18:01:10Z","yes","no","2026-02-19T15:07:30.286Z"
"yargs","npm","100","LOW","bcoe;oss-bot","2026-02-07T01:56:24Z","no","no","2026-02-19T15:07:32.571Z"
"minimist","npm","85","LOW","shadowspawn;ljharb;emilbayes","2025-12-30T01:57:54Z","no","no","2026-02-19T15:07:34.080Z"
"arg","npm","95","LOW","matheuss;nick.tracey;vercel-release-bot;zeit-bot;matt.straka","2024-07-18T14:08:05Z","no","no","2026-02-19T15:07:36.473Z"
"meow","npm","97","LOW","sindresorhus","2025-09-15T11:23:44Z","no","no","2026-02-19T15:07:38.166Z"
"cac","npm","95","LOW","kchan;egoist;rem","2024-07-09T09:45:18Z","no","no","2026-02-19T15:07:40.702Z"
"commander","npm","100","LOW","shadowspawn;abetomo","2026-02-19T05:07:09Z","no","no","2026-02-19T15:07:41.779Z"
"clipanion","npm","92","LOW","arcanis","2024-09-06T09:16:49Z","no","no","2026-02-19T15:07:43.554Z"
"oclif","npm","100","LOW","dickeyxxx;rasphilco;amphro;salesforce-releases;mdonnalley","2026-02-15T08:28:05Z","no","no","2026-02-19T15:07:44.938Z"
"chokidar","npm","97","LOW","paulmillr","2025-12-11T19:26:25Z","no","no","2026-02-19T15:12:12.225Z"
"watchpack","npm","100","LOW","15000621931;ev1stensberg;__hai;evilebottnawi;sokra","2026-01-23T14:32:49Z","no","no","2026-02-19T15:12:14.150Z"
"sane","npm","95","LOW","amasad;coscholl;stefanpenner","2024-06-18T10:27:09Z","no","no","2026-02-19T15:12:15.966Z"
"node-watch","npm","100","LOW","yuanchuan;intervalia","2026-01-14T06:16:51Z","no","no","2026-02-19T15:12:17.748Z"
"gaze","npm","85","LOW","alexgorbatchev;joshperry;shama","2019-07-11T12:46:29Z","no","no","2026-02-19T15:12:19.905Z"
"watchr","npm","87","LOW","bevryme","2024-01-07T18:06:51Z","no","no","2026-02-19T15:12:22.847Z"
"watch","npm","85","LOW","levithomason;finnpauls;mikeal","2023-01-22T07:55:38Z","no","no","2026-02-19T15:12:24.553Z"
"glob","npm","87","LOW","isaacs","2026-02-18T22:12:33Z","no","no","2026-02-19T15:12:26.350Z"
"globby","npm","97","LOW","sindresorhus","2026-02-18T08:46:39Z","no","no","2026-02-19T15:12:28.082Z"
"fast-glob","npm","97","LOW","mrmlnc","2025-09-01T08:00:01Z","no","no","2026-02-19T15:12:29.872Z"
"tiny-glob","npm","82","LOW","terkelg","2022-11-10T06:46:04Z","no","no","2026-02-19T15:12:31.584Z"
"glob-stream","npm","100","LOW","phated;yocontra","2025-06-01T05:04:15Z","no","no","2026-02-19T15:12:33.367Z"
"matched","npm","85","LOW","trysound;jonschlinkert;doowb","2020-11-02T15:15:11Z","no","no","2026-02-19T15:12:35.558Z"
"multimatch","npm","87","LOW","sindresorhus","2023-10-27T17:17:25Z","no","no","2026-02-19T15:12:37.718Z"
"rimraf","npm","97","LOW","isaacs","2026-02-16T01:01:56Z","no","no","2026-02-19T15:12:39.504Z"
"del","npm","97","LOW","sindresorhus","2025-09-18T14:47:10Z","no","no","2026-02-19T15:12:41.186Z"
"trash","npm","95","LOW","sindresorhus","2026-01-25T17:01:28Z","no","no","2026-02-19T15:12:43.077Z"
"make-dir","npm","97","LOW","sindresorhus","2025-09-10T18:24:39Z","no","no","2026-02-19T15:12:45.396Z"
"mkdirp","npm","87","LOW","isaacs","2023-09-15T19:59:26Z","no","no","2026-02-19T15:12:47.323Z"
"fs-extra","npm","89","LOW","jprichardson;ryanzim;manidlou","2025-12-18T20:21:02Z","no","no","2026-02-19T15:12:48.973Z"
"graceful-fs","npm","97","LOW","isaacs","2025-10-25T19:00:09Z","no","no","2026-02-19T15:22:08.619Z"
"cpx","npm","85","LOW","mysticatea","2023-03-07T15:33:37Z","no","no","2026-02-19T15:22:10.410Z"
"ncp","npm","85","LOW","avianflu;mmalecki","2020-08-08T08:01:58Z","no","no","2026-02-19T15:22:12.341Z"
"cpy","npm","97","LOW","sindresorhus","2026-02-12T13:47:48Z","no","no","2026-02-19T15:22:14.079Z"
"cpy-cli","npm","95","LOW","sindresorhus","2026-02-05T07:39:28Z","no","no","2026-02-19T15:22:15.819Z"
"copyfiles","npm","92","LOW","cwmma","2024-07-11T00:08:12Z","no","no","2026-02-19T15:22:17.655Z"
"copy-concurrently","npm","60","MEDIUM","gar;saquibkhan;npm-cli-ops;reggi;hashtagchris;owlstronaut","2022-02-14T17:01:17Z","no","no","2026-02-19T15:22:19.431Z"
"move-concurrently","npm","60","MEDIUM","gar;saquibkhan;npm-cli-ops;reggi;hashtagchris;owlstronaut","2020-05-08T23:15:28Z","no","no","2026-02-19T15:22:21.278Z"
"temp","npm","85","LOW","bruce;miguelsolano","2022-12-30T18:58:25Z","no","no","2026-02-19T15:22:22.977Z"
"tmp","npm","97","LOW","raszi","2026-01-21T23:03:12Z","no","no","2026-02-19T15:22:25.350Z"
"tempfile","npm","97","LOW","sindresorhus","2026-01-25T07:56:47Z","no","no","2026-02-19T15:22:27.327Z"
"temp-dir","npm","82","LOW","sindresorhus","2022-09-26T06:59:38Z","no","no","2026-02-19T15:22:29.039Z"
"os-tmpdir","npm","57","HIGH","sindresorhus","2021-01-24T06:14:27Z","no","no","2026-02-19T15:22:30.666Z"
"unique-temp-dir","npm","70","MEDIUM","jamestalmage;sindresorhus","2020-01-06T09:54:01Z","no","no","2026-02-19T15:22:32.730Z"
"tempy","npm","97","LOW","sindresorhus","2026-02-02T16:12:55Z","no","no","2026-02-19T15:22:34.608Z"
"which","npm","100","LOW","gar;saquibkhan;npm-cli-ops;reggi;hashtagchris;owlstronaut","2026-02-10T15:40:47Z","no","no","2026-02-19T15:22:36.862Z"
"cross-spawn","npm","82","LOW","satazor","2024-11-18T14:20:54Z","no","no","2026-02-19T15:22:40.170Z"
"execa","npm","100","LOW","sindresorhus;ehmicky","2026-01-29T03:54:57Z","no","no","2026-02-19T15:22:42.251Z"
"child-process-promise","npm","85","LOW","austinkelleher;dylanpiercey;mlrawlings;psteeleidem;pnidem","2019-11-02T16:35:13Z","no","no","2026-02-19T15:22:44.222Z"
"promisify-child-process","npm","95","LOW","jedwards1211","2026-02-04T15:46:39Z","no","no","2026-02-19T15:22:46.300Z"